threshold,branching_factor,n_clusters,time,silhouette,calinski_harabasz,davies_bouldin,r_score,adj_rand,mut_info_score,adj_mutual_info_score,norm_mutual_info_score,homog_score,complete_score,v_msr_score,fwlks_mallows_score,alg,dataset
0.5,50,10,0.0398333072662353,0.7671,19332.3504,0.384,0.9614,0.8542,1.8241,0.9365,0.9368,0.8837,0.9967,0.9368,0.8832,skl_birch,2d-10c_y.zip
0.5,50,12,0.039802074432373,0.7671,19332.3504,0.384,0.9614,0.8542,1.8241,0.9365,0.9368,0.8837,0.9967,0.9368,0.8832,skl_birch,2d-10c_y.zip
0.5,50,2,0.0404863357543945,0.4133,1687.2238,0.9692,0.5906,0.2334,0.6452,0.4758,0.4763,0.3126,1.0,0.4763,0.5015,skl_birch,2d-10c_y.zip
0.5,50,4,0.0408976078033447,0.6802,6457.4717,0.497,0.8721,0.6124,1.3558,0.7924,0.7928,0.6568,1.0,0.7928,0.7199,skl_birch,2d-10c_y.zip
0.5,50,6,0.0404932498931884,0.7798,11671.6322,0.2482,0.9204,0.7302,1.6463,0.8869,0.8874,0.7975,1.0,0.8874,0.7959,skl_birch,2d-10c_y.zip
0.5,50,8,0.0402717590332031,0.7671,19332.3504,0.384,0.9614,0.8542,1.8241,0.9365,0.9368,0.8837,0.9967,0.9368,0.8832,skl_birch,2d-10c_y.zip
