threshold,branching_factor,n_clusters,time,silhouette,calinski_harabasz,davies_bouldin,r_score,adj_rand,mut_info_score,adj_mutual_info_score,norm_mutual_info_score,homog_score,complete_score,v_msr_score,fwlks_mallows_score,alg,dataset
0.5,50,10,0.0187098979949951,0.8679,10485.8379,0.1888,0.9207,0.8293,0.9815,0.8854,0.8856,0.7947,1.0,0.8856,0.8955,skl_birch,2d-4c_y.zip
0.5,50,12,0.0216126441955566,0.8679,10485.8379,0.1888,0.9207,0.8293,0.9815,0.8854,0.8856,0.7947,1.0,0.8856,0.8955,skl_birch,2d-4c_y.zip
0.5,50,2,0.0192821025848388,0.7217,2837.7554,0.5264,0.8206,0.6414,0.6923,0.718,0.7184,0.5605,1.0,0.7184,0.801,skl_birch,2d-4c_y.zip
0.5,50,4,0.0192539691925048,0.8679,10485.8379,0.1888,0.9207,0.8293,0.9815,0.8854,0.8856,0.7947,1.0,0.8856,0.8955,skl_birch,2d-4c_y.zip
0.5,50,6,0.018557071685791,0.8679,10485.8379,0.1888,0.9207,0.8293,0.9815,0.8854,0.8856,0.7947,1.0,0.8856,0.8955,skl_birch,2d-4c_y.zip
0.5,50,8,0.0211055278778076,0.8679,10485.8379,0.1888,0.9207,0.8293,0.9815,0.8854,0.8856,0.7947,1.0,0.8856,0.8955,skl_birch,2d-4c_y.zip
