number_clusters,time,silhouette,calinski_harabasz,davies_bouldin,r_score,adj_rand,mut_info_score,adj_mutual_info_score,norm_mutual_info_score,homog_score,complete_score,v_msr_score,fwlks_mallows_score,alg,dataset
10,0.3031415939331054,0.3516,1128.7086,0.8834,0.8879,0.693,1.2087,0.7735,0.7758,0.9161,0.6728,0.7758,0.776,pyc_agglomerativeClust,2d-4c-no9_y.zip
12,0.3470704555511474,0.319,986.3108,0.8345,0.876,0.6555,1.2087,0.7534,0.7564,0.9161,0.6442,0.7564,0.7482,pyc_agglomerativeClust,2d-4c-no9_y.zip
2,0.3062543869018554,0.572,1368.7344,0.5972,0.7386,0.4953,0.6512,0.6603,0.6609,0.4936,1.0,0.6609,0.7188,pyc_agglomerativeClust,2d-4c-no9_y.zip
4,0.3068385124206543,0.4847,795.3175,0.7441,0.9351,0.8494,1.0812,0.8977,0.8981,0.8195,0.9933,0.8981,0.9005,pyc_agglomerativeClust,2d-4c-no9_y.zip
6,0.3178884983062744,0.2549,538.1629,1.0195,0.8827,0.7123,1.0812,0.8037,0.8049,0.8195,0.7908,0.8049,0.7945,pyc_agglomerativeClust,2d-4c-no9_y.zip
8,0.304065465927124,0.4073,1419.4173,0.8189,0.888,0.6938,1.205,0.7804,0.7821,0.9133,0.6839,0.7821,0.7764,pyc_agglomerativeClust,2d-4c-no9_y.zip
