threshold,branching_factor,n_clusters,time,silhouette,calinski_harabasz,davies_bouldin,r_score,adj_rand,mut_info_score,adj_mutual_info_score,norm_mutual_info_score,homog_score,complete_score,v_msr_score,fwlks_mallows_score,alg,dataset
0.5,50,10,0.0428857803344726,0.3569,2887.424,0.858,0.9082,0.3456,2.0207,0.7109,0.7155,0.5884,0.9126,0.7155,0.4594,skl_birch,2d-d31_y.zip
0.5,50,12,0.0420646667480468,0.3834,3192.9092,0.8051,0.9281,0.406,2.1934,0.7462,0.751,0.6387,0.9113,0.751,0.5008,skl_birch,2d-d31_y.zip
0.5,50,2,0.0425736904144287,0.375,1929.2814,1.1587,0.525,0.0607,0.6656,0.3214,0.323,0.1938,0.969,0.323,0.2479,skl_birch,2d-d31_y.zip
0.5,50,31,0.0445921421051025,0.4356,3829.7189,0.7109,0.9494,0.4916,2.4294,0.7875,0.7928,0.7075,0.9014,0.7928,0.5575,skl_birch,2d-d31_y.zip
0.5,50,4,0.042731761932373,0.4105,2968.9657,0.7955,0.7694,0.1624,1.2987,0.5385,0.5413,0.3782,0.9521,0.5413,0.3364,skl_birch,2d-d31_y.zip
0.5,50,6,0.0432159900665283,0.3587,2638.3148,0.9525,0.8446,0.2348,1.6331,0.6267,0.6302,0.4756,0.934,0.6302,0.3883,skl_birch,2d-d31_y.zip
0.5,50,8,0.0426523685455322,0.3668,3082.5881,0.8779,0.8923,0.3095,1.8712,0.679,0.683,0.5449,0.9148,0.683,0.436,skl_birch,2d-d31_y.zip
