max_depth,max_nbr_clusters,min_samples_leaf,min_samples_split,max_nbr_values,max_nbr_values_cat,bic_eps,time,silhouette,calinski_harabasz,davies_bouldin,r_score,adj_rand,mut_info_score,adj_mutual_info_score,norm_mutual_info_score,homog_score,complete_score,v_msr_score,fwlks_mallows_score,alg,dataset
2,2,3,5,1000,20,0.0,5.820405721664429,0.0778,282.7001,3.2716,0.5052,-0.0103,0.0017,0.0029,0.0032,0.0042,0.0026,0.0032,0.6215,VarianceParTree,churnONEHOT_y.zip
2,2,3,5,1000,20,0.1,5.745169401168823,0.0778,282.7001,3.2716,0.5052,-0.0103,0.0017,0.0029,0.0032,0.0042,0.0026,0.0032,0.6215,VarianceParTree,churnONEHOT_y.zip
2,2,3,5,100,20,0.0,1.1426854133605957,0.0778,281.8829,3.2686,0.506,-0.0108,0.0017,0.0029,0.0031,0.0041,0.0025,0.0031,0.6226,VarianceParTree,churnONEHOT_y.zip
2,2,3,5,100,20,0.1,1.1799252033233645,0.0778,281.8829,3.2686,0.506,-0.0108,0.0017,0.0029,0.0031,0.0041,0.0025,0.0031,0.6226,VarianceParTree,churnONEHOT_y.zip
2,4,3,5,1000,20,0.0,14.055214643478394,0.0552,207.5688,3.1611,0.3768,-0.0039,0.0024,0.0022,0.0027,0.0057,0.0017,0.0027,0.4398,VarianceParTree,churnONEHOT_y.zip
2,4,3,5,100,20,0.0,2.788048505783081,0.0554,207.7919,3.1487,0.3779,-0.0032,0.0025,0.0023,0.0028,0.0061,0.0018,0.0028,0.4415,VarianceParTree,churnONEHOT_y.zip
2,4,3,5,100,20,0.1,2.77768874168396,0.0554,207.7919,3.1487,0.3779,-0.0032,0.0025,0.0023,0.0028,0.0061,0.0018,0.0028,0.4415,VarianceParTree,churnONEHOT_y.zip
