threshold,branching_factor,n_clusters,time,silhouette,calinski_harabasz,davies_bouldin,r_score,adj_rand,mut_info_score,adj_mutual_info_score,norm_mutual_info_score,homog_score,complete_score,v_msr_score,fwlks_mallows_score,alg,dataset
0.5,50,10,0.0288691520690917,0.5066,3184.5236,0.7078,0.7969,0.4397,1.2432,0.7403,0.7415,0.8723,0.6448,0.7415,0.5878,skl_birch,cure-t1-2000n-2D_y.zip
0.5,50,12,0.0291523933410644,0.5066,3184.5236,0.7078,0.7969,0.4397,1.2432,0.7403,0.7415,0.8723,0.6448,0.7415,0.5878,skl_birch,cure-t1-2000n-2D_y.zip
0.5,50,2,0.0300164222717285,0.3989,1253.14,1.0397,0.7329,0.4942,0.6191,0.6052,0.6057,0.4344,1.0,0.6057,0.73,skl_birch,cure-t1-2000n-2D_y.zip
0.5,50,4,0.028785228729248,0.5109,2358.786,0.5907,0.9769,0.9467,1.2432,0.9295,0.9297,0.8723,0.9951,0.9297,0.9642,skl_birch,cure-t1-2000n-2D_y.zip
0.5,50,6,0.0289900302886962,0.4824,2805.3287,0.7385,0.8259,0.5343,1.2432,0.7794,0.7803,0.8723,0.7059,0.7803,0.6624,skl_birch,cure-t1-2000n-2D_y.zip
0.5,50,8,0.0287973880767822,0.5066,3184.5236,0.7078,0.7969,0.4397,1.2432,0.7403,0.7415,0.8723,0.6448,0.7415,0.5878,skl_birch,cure-t1-2000n-2D_y.zip
