number_clusters,time,silhouette,calinski_harabasz,davies_bouldin,r_score,adj_rand,mut_info_score,adj_mutual_info_score,norm_mutual_info_score,homog_score,complete_score,v_msr_score,fwlks_mallows_score,alg,dataset
10,33.29124140739441,0.3969,4737.3728,0.7774,0.8315,0.4331,1.3742,0.7014,0.7024,0.8195,0.6146,0.7024,0.5585,pyc_agglomerativeClust,cure-t2-4k_y.zip
12,33.4472393989563,0.3637,3931.9052,0.7533,0.8323,0.435,1.3876,0.7045,0.7057,0.8275,0.6151,0.7057,0.5605,pyc_agglomerativeClust,cure-t2-4k_y.zip
2,33.41373562812805,0.3292,1822.5835,1.315,0.6989,0.4066,0.5863,0.4976,0.4979,0.3497,0.8641,0.4979,0.645,pyc_agglomerativeClust,cure-t2-4k_y.zip
4,33.184184074401855,0.4522,4403.213,0.7024,0.9019,0.7513,1.0966,0.7382,0.7386,0.654,0.8484,0.7386,0.8218,pyc_agglomerativeClust,cure-t2-4k_y.zip
6,33.07642078399658,0.293,3195.5512,0.912,0.8635,0.6236,1.1602,0.7165,0.7171,0.6919,0.7443,0.7171,0.7132,pyc_agglomerativeClust,cure-t2-4k_y.zip
7,32.52872323989868,0.3526,3622.0698,0.8937,0.815,0.4451,1.1633,0.6701,0.6709,0.6937,0.6496,0.6709,0.565,pyc_agglomerativeClust,cure-t2-4k_y.zip
8,33.15390491485596,0.3774,3663.8049,0.8062,0.8369,0.4933,1.2981,0.7177,0.7185,0.7741,0.6703,0.7185,0.6027,pyc_agglomerativeClust,cure-t2-4k_y.zip
