min_nr_instances,min_y,min_rd,time,silhouette,calinski_harabasz,davies_bouldin,r_score,adj_rand,mut_info_score,adj_mutual_info_score,norm_mutual_info_score,homog_score,complete_score,v_msr_score,fwlks_mallows_score,alg,dataset
2,1,10,14.84355330467224,-0.1238,1.2979,10.8288,0.4636,-0.004,0.0912,0.0455,0.0544,0.141,0.0337,0.0544,0.2506,CLTree,diabetes_y.zip
2,1,20,14.87403416633606,-0.1238,1.2979,10.8288,0.4636,-0.004,0.0912,0.0455,0.0544,0.141,0.0337,0.0544,0.2506,CLTree,diabetes_y.zip
2,1,30,14.889783143997192,-0.1238,1.2979,10.8288,0.4636,-0.004,0.0912,0.0455,0.0544,0.141,0.0337,0.0544,0.2506,CLTree,diabetes_y.zip
2,3,10,14.877593755722046,-0.0855,1.1096,12.0492,0.4834,-0.024,0.0476,0.0429,0.048,0.0737,0.0356,0.048,0.4832,CLTree,diabetes_y.zip
2,3,20,15.03005599975586,-0.0855,1.1096,12.0492,0.4834,-0.024,0.0476,0.0429,0.048,0.0737,0.0356,0.048,0.4832,CLTree,diabetes_y.zip
2,3,30,14.934826612472534,-0.0855,1.1096,12.0492,0.4834,-0.024,0.0476,0.0429,0.048,0.0737,0.0356,0.048,0.4832,CLTree,diabetes_y.zip
2,5,10,15.03763484954834,-0.0696,0.8814,13.2028,0.512,-0.015,0.0021,0.0002,0.0034,0.0033,0.0034,0.0034,0.6178,CLTree,diabetes_y.zip
2,5,20,14.886229753494264,-0.0696,0.8814,13.2028,0.512,-0.015,0.0021,0.0002,0.0034,0.0033,0.0034,0.0034,0.6178,CLTree,diabetes_y.zip
2,5,30,14.979126930236816,-0.0696,0.8814,13.2028,0.512,-0.015,0.0021,0.0002,0.0034,0.0033,0.0034,0.0034,0.6178,CLTree,diabetes_y.zip
