threshold,branching_factor,n_clusters,time,silhouette,calinski_harabasz,davies_bouldin,r_score,adj_rand,mut_info_score,adj_mutual_info_score,norm_mutual_info_score,homog_score,complete_score,v_msr_score,fwlks_mallows_score,alg,dataset
0.5,50,10,0.0661292076110839,0.0654,57.0646,2.674,0.4436,0.0107,0.0323,0.0194,0.0225,0.0529,0.0143,0.0225,0.2623,skl_birch,german_credit_y.zip
0.5,50,12,0.0670258998870849,0.0516,51.8694,2.5011,0.44,0.0094,0.0429,0.0245,0.0281,0.0702,0.0176,0.0281,0.2394,skl_birch,german_credit_y.zip
0.5,50,2,0.0668680667877197,0.1622,163.0236,1.9122,0.5269,-0.0008,0.0,-0.0009,0.0,0.0,0.0,0.0,0.6235,skl_birch,german_credit_y.zip
0.5,50,4,0.0633907318115234,0.0954,93.1533,2.5833,0.495,0.0331,0.0111,0.0108,0.0125,0.0182,0.0095,0.0125,0.4756,skl_birch,german_credit_y.zip
0.5,50,6,0.0666258335113525,0.0895,74.9559,2.5626,0.4589,0.0052,0.0173,0.0133,0.0155,0.0283,0.0107,0.0155,0.3644,skl_birch,german_credit_y.zip
0.5,50,8,0.0664472579956054,0.0733,63.4327,2.521,0.4483,0.0066,0.0247,0.0165,0.0192,0.0404,0.0126,0.0192,0.3034,skl_birch,german_credit_y.zip
