threshold,branching_factor,n_clusters,time,silhouette,calinski_harabasz,davies_bouldin,r_score,adj_rand,mut_info_score,adj_mutual_info_score,norm_mutual_info_score,homog_score,complete_score,v_msr_score,fwlks_mallows_score,alg,dataset
0.5,50,10,0.0182485580444335,0.189,34.6225,1.9375,0.551,0.1398,0.3274,0.2482,0.256,0.5016,0.1718,0.256,0.4468,skl_birch,ionosphere_y.zip
0.5,50,12,0.0318870544433593,0.1578,31.8351,1.9712,0.5182,0.0886,0.3334,0.2215,0.2303,0.5108,0.1487,0.2303,0.352,skl_birch,ionosphere_y.zip
0.5,50,2,0.0185344219207763,0.2709,95.5281,1.6848,0.5914,0.1824,0.0925,0.1359,0.1378,0.1416,0.1341,0.1378,0.6078,skl_birch,ionosphere_y.zip
0.5,50,4,0.0182976722717285,0.2978,58.971,1.6726,0.6563,0.3239,0.3043,0.3439,0.3472,0.4662,0.2766,0.3472,0.6387,skl_birch,ionosphere_y.zip
0.5,50,6,0.0182812213897705,0.2222,46.1925,2.026,0.6029,0.2291,0.3144,0.2938,0.2987,0.4817,0.2165,0.2987,0.5501,skl_birch,ionosphere_y.zip
0.5,50,8,0.0197713375091552,0.1846,38.9096,2.0071,0.5585,0.1534,0.3274,0.262,0.2682,0.5016,0.183,0.2682,0.4611,skl_birch,ionosphere_y.zip
