number_clusters,time,silhouette,calinski_harabasz,davies_bouldin,r_score,adj_rand,mut_info_score,adj_mutual_info_score,norm_mutual_info_score,homog_score,complete_score,v_msr_score,fwlks_mallows_score,alg,dataset
10,0.2159392833709716,0.2206,6.9256,1.0716,0.5474,0.0489,0.0393,0.0421,0.0703,0.0602,0.0846,0.0703,0.6797,pyc_agglomerativeClust,ionosphere_y.zip
12,0.2149252891540527,0.2209,6.3119,0.9189,0.5491,0.0533,0.0424,0.0405,0.0744,0.0649,0.087,0.0744,0.6792,pyc_agglomerativeClust,ionosphere_y.zip
2,0.2100062370300293,0.4133,4.0598,0.4508,0.5401,0.0045,0.0029,0.0032,0.0087,0.0045,0.1497,0.0087,0.7331,pyc_agglomerativeClust,ionosphere_y.zip
4,0.2127912044525146,0.3567,4.2531,0.8299,0.5451,0.0181,0.0118,0.0172,0.0324,0.0181,0.159,0.0324,0.7312,pyc_agglomerativeClust,ionosphere_y.zip
6,0.2190151214599609,0.3231,4.406,0.7968,0.5502,0.0319,0.0208,0.0299,0.0532,0.0319,0.1616,0.0532,0.7295,pyc_agglomerativeClust,ionosphere_y.zip
8,0.21541428565979,0.315,4.5066,0.9804,0.5573,0.0507,0.033,0.0484,0.0777,0.0506,0.1674,0.0777,0.7274,pyc_agglomerativeClust,ionosphere_y.zip
