threshold,branching_factor,n_clusters,time,silhouette,calinski_harabasz,davies_bouldin,r_score,adj_rand,mut_info_score,adj_mutual_info_score,norm_mutual_info_score,homog_score,complete_score,v_msr_score,fwlks_mallows_score,alg,dataset
0.5,50,10,0.0031559467315673,0.2964,130.0001,0.7792,0.7595,0.3931,0.8288,0.538,0.5592,0.7544,0.4442,0.5592,0.5606,skl_birch,iris_y.zip
0.5,50,12,0.0032224655151367,0.3358,160.9417,0.8241,0.7751,0.3869,1.0166,0.5853,0.6056,0.9254,0.4501,0.6056,0.5626,skl_birch,iris_y.zip
0.5,50,2,0.0033488273620605,0.577,240.2457,0.5917,0.763,0.5438,0.5991,0.69,0.6925,0.5453,0.9483,0.6925,0.758,skl_birch,iris_y.zip
0.5,50,3,0.0033290386199951,0.4536,219.8188,0.8218,0.8462,0.6614,0.7844,0.7296,0.7331,0.714,0.7532,0.7331,0.7799,skl_birch,iris_y.zip
0.5,50,4,0.0031888484954833,0.4048,187.3359,0.8367,0.8388,0.6314,0.8029,0.6865,0.6921,0.7308,0.6574,0.6921,0.7504,skl_birch,iris_y.zip
0.5,50,6,0.0031976699829101,0.3379,141.8992,0.7789,0.8155,0.5701,0.8029,0.637,0.6482,0.7308,0.5823,0.6482,0.7046,skl_birch,iris_y.zip
0.5,50,8,0.0031995773315429,0.3031,117.6063,0.777,0.8162,0.5579,0.8288,0.6081,0.6238,0.7544,0.5318,0.6238,0.6903,skl_birch,iris_y.zip
