threshold,branching_factor,n_clusters,time,silhouette,calinski_harabasz,davies_bouldin,r_score,adj_rand,mut_info_score,adj_mutual_info_score,norm_mutual_info_score,homog_score,complete_score,v_msr_score,fwlks_mallows_score,alg,dataset
0.5,50,10,0.0155200958251953,0.5066,2391.6096,0.7675,0.9287,0.7308,1.4618,0.7853,0.7873,0.8159,0.7606,0.7873,0.7742,skl_birch,longsquare_y.zip
0.5,50,12,0.0151228904724121,0.5066,2391.6096,0.7675,0.9287,0.7308,1.4618,0.7853,0.7873,0.8159,0.7606,0.7873,0.7742,skl_birch,longsquare_y.zip
0.5,50,2,0.0137910842895507,0.6079,2071.2688,0.5655,0.6107,0.2748,0.6365,0.5232,0.5243,0.3553,1.0,0.5243,0.5465,skl_birch,longsquare_y.zip
0.5,50,4,0.0155451297760009,0.4397,1606.0581,0.9314,0.8312,0.5252,1.0787,0.6943,0.6959,0.6021,0.8245,0.6959,0.6474,skl_birch,longsquare_y.zip
0.5,50,6,0.014101505279541,0.5277,2306.6367,0.6498,0.9288,0.7471,1.4612,0.8192,0.8207,0.8156,0.8258,0.8207,0.7901,skl_birch,longsquare_y.zip
0.5,50,8,0.0134332180023193,0.5066,2391.6096,0.7675,0.9287,0.7308,1.4618,0.7853,0.7873,0.8159,0.7606,0.7873,0.7742,skl_birch,longsquare_y.zip
