threshold,branching_factor,n_clusters,time,silhouette,calinski_harabasz,davies_bouldin,r_score,adj_rand,mut_info_score,adj_mutual_info_score,norm_mutual_info_score,homog_score,complete_score,v_msr_score,fwlks_mallows_score,alg,dataset
0.5,50,10,0.0178155899047851,0.1976,213.822,1.4886,0.8679,0.5702,1.3739,0.7625,0.7672,0.9911,0.6258,0.7672,0.684,skl_birch,tetra_y.zip
0.5,50,12,0.0069375038146972,0.187,195.7656,1.4024,0.851,0.5012,1.3739,0.7276,0.7339,0.9911,0.5827,0.7339,0.6321,skl_birch,tetra_y.zip
0.5,50,2,0.0075817108154296,0.271,135.8037,1.1941,0.6241,0.3317,0.5623,0.5755,0.5772,0.4056,1.0,0.5772,0.6305,skl_birch,tetra_y.zip
0.5,50,4,0.0068976879119873,0.5047,416.91,0.6674,0.9975,0.9933,1.3723,0.9898,0.9899,0.9899,0.9899,0.9899,0.995,skl_birch,tetra_y.zip
0.5,50,6,0.0071182250976562,0.324,292.0632,1.3202,0.9405,0.8272,1.3723,0.885,0.8864,0.9899,0.8025,0.8864,0.8719,skl_birch,tetra_y.zip
0.5,50,8,0.0068805217742919,0.2078,247.0881,1.6196,0.8847,0.635,1.3733,0.8004,0.8035,0.9907,0.6758,0.8035,0.7317,skl_birch,tetra_y.zip
