threshold,branching_factor,n_clusters,time,silhouette,calinski_harabasz,davies_bouldin,r_score,adj_rand,mut_info_score,adj_mutual_info_score,norm_mutual_info_score,homog_score,complete_score,v_msr_score,fwlks_mallows_score,alg,dataset
0.5,50,10,0.0378046035766601,0.5944,1872.5953,0.8078,0.559,0.1049,0.0425,0.0464,0.0526,0.0639,0.0447,0.0526,0.6239,skl_birch,titanic_y.zip
0.5,50,12,0.0388667583465576,0.2666,1828.0536,1.0447,0.5414,0.0916,0.0619,0.0522,0.0578,0.0929,0.042,0.0578,0.5137,skl_birch,titanic_y.zip
0.5,50,2,0.0376176834106445,0.8003,1628.6909,0.4425,0.5392,0.0455,0.013,0.0254,0.0265,0.0196,0.041,0.0265,0.6758,skl_birch,titanic_y.zip
0.5,50,4,0.0381333827972412,0.7661,2058.3458,0.4825,0.5443,0.0624,0.0193,0.0297,0.0325,0.029,0.0369,0.0325,0.6581,skl_birch,titanic_y.zip
0.5,50,6,0.038299560546875,0.628,2123.5562,0.668,0.5592,0.105,0.038,0.0472,0.0508,0.057,0.0458,0.0508,0.6257,skl_birch,titanic_y.zip
0.5,50,8,0.039353609085083,0.6245,2025.9965,0.731,0.5591,0.1051,0.04,0.0463,0.0512,0.06,0.0447,0.0512,0.6248,skl_birch,titanic_y.zip
