threshold,branching_factor,n_clusters,time,silhouette,calinski_harabasz,davies_bouldin,r_score,adj_rand,mut_info_score,adj_mutual_info_score,norm_mutual_info_score,homog_score,complete_score,v_msr_score,fwlks_mallows_score,alg,dataset
0.5,50,10,0.0170841217041015,0.4281,2121.7183,0.8852,0.8503,0.5837,1.2688,0.7834,0.7848,0.9913,0.6495,0.7848,0.7069,skl_birch,triangle2_y.zip
0.5,50,12,0.0152902603149414,0.4281,2121.7183,0.8852,0.8503,0.5837,1.2688,0.7834,0.7848,0.9913,0.6495,0.7848,0.7069,skl_birch,triangle2_y.zip
0.5,50,2,0.016740083694458,0.4112,786.8298,1.0106,0.6409,0.2822,0.4178,0.4229,0.4238,0.3264,0.6038,0.4238,0.5695,skl_birch,triangle2_y.zip
0.5,50,4,0.0153543949127197,0.503,1490.3664,0.77,0.8752,0.6925,1.0725,0.8142,0.8148,0.838,0.7928,0.8148,0.7805,skl_birch,triangle2_y.zip
0.5,50,6,0.0169980525970459,0.5539,2305.032,0.6727,0.9124,0.7724,1.2667,0.8722,0.8729,0.9897,0.7808,0.8729,0.841,skl_birch,triangle2_y.zip
0.5,50,8,0.0172734260559082,0.4281,2121.7183,0.8852,0.8503,0.5837,1.2688,0.7834,0.7848,0.9913,0.6495,0.7848,0.7069,skl_birch,triangle2_y.zip
