threshold,branching_factor,n_clusters,time,silhouette,calinski_harabasz,davies_bouldin,r_score,adj_rand,mut_info_score,adj_mutual_info_score,norm_mutual_info_score,homog_score,complete_score,v_msr_score,fwlks_mallows_score,alg,dataset
0.5,50,10,0.0150322914123535,0.7548,8985.8806,0.4664,0.9682,0.9112,1.3798,0.9369,0.9372,0.9953,0.8855,0.9372,0.9339,skl_birch,triangle1_y.zip
0.5,50,12,0.0171220302581787,0.7548,8985.8806,0.4664,0.9682,0.9112,1.3798,0.9369,0.9372,0.9953,0.8855,0.9372,0.9339,skl_birch,triangle1_y.zip
0.5,50,2,0.0153629779815673,0.5049,922.5238,0.5646,0.6246,0.3321,0.5569,0.5706,0.5713,0.4017,0.9884,0.5713,0.6309,skl_birch,triangle1_y.zip
0.5,50,4,0.0154025554656982,0.7836,6383.0014,0.3671,0.999,0.9973,1.3798,0.9953,0.9953,0.9953,0.9953,0.9953,0.998,skl_birch,triangle1_y.zip
0.5,50,6,0.0156745910644531,0.7548,8985.8806,0.4664,0.9682,0.9112,1.3798,0.9369,0.9372,0.9953,0.8855,0.9372,0.9339,skl_birch,triangle1_y.zip
0.5,50,8,0.0149686336517333,0.7548,8985.8806,0.4664,0.9682,0.9112,1.3798,0.9369,0.9372,0.9953,0.8855,0.9372,0.9339,skl_birch,triangle1_y.zip
