number_clusters,time,silhouette,calinski_harabasz,davies_bouldin,r_score,adj_rand,mut_info_score,adj_mutual_info_score,norm_mutual_info_score,homog_score,complete_score,v_msr_score,fwlks_mallows_score,alg,dataset
10,1.3352463245391846,0.1507,154.6073,1.0504,0.6316,0.0985,0.2319,0.1584,0.1688,0.1674,0.1703,0.1688,0.3529,pyc_agglomerativeClust,vehicle_y.zip
12,1.3301851749420166,0.1379,127.3583,0.9696,0.6315,0.0978,0.2319,0.1554,0.168,0.1674,0.1687,0.168,0.3524,pyc_agglomerativeClust,vehicle_y.zip
2,1.3294224739074707,0.6175,80.9363,0.5853,0.2593,0.0006,0.0082,0.0086,0.0114,0.0059,0.1538,0.0114,0.4952,pyc_agglomerativeClust,vehicle_y.zip
4,1.268903732299805,0.1301,162.4203,1.0224,0.4624,0.0127,0.0604,0.0524,0.0576,0.0436,0.0848,0.0576,0.3923,pyc_agglomerativeClust,vehicle_y.zip
6,1.3305811882019043,0.1267,99.2368,0.9477,0.4624,0.0127,0.0631,0.0511,0.0599,0.0455,0.0874,0.0599,0.3922,pyc_agglomerativeClust,vehicle_y.zip
8,1.3341395854949951,0.1513,189.6738,1.1294,0.63,0.098,0.2275,0.1598,0.168,0.1642,0.172,0.168,0.3539,pyc_agglomerativeClust,vehicle_y.zip
