threshold,branching_factor,n_clusters,time,silhouette,calinski_harabasz,davies_bouldin,r_score,adj_rand,mut_info_score,adj_mutual_info_score,norm_mutual_info_score,homog_score,complete_score,v_msr_score,fwlks_mallows_score,alg,dataset
0.5,50,10,0.0710046291351318,0.1673,242.528,1.4557,0.7173,0.1062,0.3263,0.1795,0.1873,0.2355,0.1554,0.1873,0.2746,skl_birch,vehicle_y.zip
0.5,50,12,0.0508723258972168,0.1679,225.3249,1.4579,0.7342,0.1239,0.4305,0.224,0.2324,0.3107,0.1856,0.2324,0.2785,skl_birch,vehicle_y.zip
0.5,50,2,0.0500414371490478,0.3823,572.0333,1.0751,0.5241,0.08,0.1173,0.1133,0.1148,0.0847,0.1784,0.1148,0.4218,skl_birch,vehicle_y.zip
0.5,50,4,0.0521795749664306,0.2775,383.9198,1.1708,0.6184,0.0862,0.1528,0.1177,0.1216,0.1103,0.1356,0.1216,0.3515,skl_birch,vehicle_y.zip
0.5,50,6,0.0529742240905761,0.2054,299.645,1.3407,0.6469,0.0806,0.2171,0.1483,0.1539,0.1567,0.1512,0.1539,0.3187,skl_birch,vehicle_y.zip
0.5,50,8,0.0535323619842529,0.1678,268.3499,1.4497,0.6956,0.1105,0.284,0.1708,0.1775,0.205,0.1565,0.1775,0.3028,skl_birch,vehicle_y.zip
