threshold,branching_factor,n_clusters,time,silhouette,calinski_harabasz,davies_bouldin,r_score,adj_rand,mut_info_score,adj_mutual_info_score,norm_mutual_info_score,homog_score,complete_score,v_msr_score,fwlks_mallows_score,alg,dataset
0.5,50,10,0.0382564067840576,0.1032,83.4923,1.7257,0.6267,0.2813,0.4726,0.3662,0.3704,0.7157,0.2499,0.3704,0.5485,skl_birch,wdbc_y.zip
0.5,50,12,0.0417277812957763,0.0795,76.4207,1.6871,0.5611,0.1624,0.4744,0.3235,0.3283,0.7184,0.2128,0.3283,0.4214,skl_birch,wdbc_y.zip
0.5,50,2,0.038482666015625,0.3394,248.6288,1.37,0.7892,0.575,0.2946,0.4562,0.4569,0.4462,0.4681,0.4569,0.8075,skl_birch,wdbc_y.zip
0.5,50,4,0.0374600887298584,0.2982,138.0905,1.4848,0.7719,0.5434,0.3662,0.4656,0.4674,0.5547,0.4039,0.4674,0.7807,skl_birch,wdbc_y.zip
0.5,50,6,0.0368790626525878,0.1199,104.965,2.0431,0.6345,0.2865,0.3832,0.362,0.3647,0.5804,0.2659,0.3647,0.5854,skl_birch,wdbc_y.zip
0.5,50,8,0.036733865737915,0.0962,91.667,1.852,0.6423,0.3099,0.4712,0.3888,0.3921,0.7137,0.2703,0.3921,0.5745,skl_birch,wdbc_y.zip
